,MJD,Observatory,Filter,Svo_filter,Flux,d_Flux,Mag,d_Mag,WavelengthEff,FrequencyEff
0,58804.62597305703,TESS,R,TESS/TESS.Red,36.02825822338468,10.395570140082702,20.008391833054493,0.3125861833859441,7452.64,402263436849223.9
1,58804.87596964901,TESS,R,TESS/TESS.Red,53.605714095031225,12.955742475138338,19.576972285671363,0.2615812114417793,7452.64,402263436849223.9
2,58805.12596624075,TESS,R,TESS/TESS.Red,60.365239578470096,12.95663281672181,19.448032678484534,0.23210916868595696,7452.64,402263436849223.9
3,58805.375962833496,TESS,R,TESS/TESS.Red,79.23899739027648,10.134139606667341,19.15265257054906,0.1372913644606617,7452.64,402263436849223.9
4,58805.625959428115,TESS,R,TESS/TESS.Red,109.3144249758555,13.228707998671851,18.80330631346843,0.12973336145541484,7452.64,402263436849223.9
5,58805.875956025324,TESS,R,TESS/TESS.Red,150.4483212399372,13.33863124283668,18.456531634803095,0.09398588296549372,7452.64,402263436849223.9
6,58806.12595262565,TESS,R,TESS/TESS.Red,174.8755584256767,10.757516543775987,18.293177214190923,0.06346711293458987,7452.64,402263436849223.9
7,58806.37594922959,TESS,R,TESS/TESS.Red,175.7152180979719,13.485849195710516,18.287976560266195,0.08069005861551033,7452.64,402263436849223.9
8,58806.62594583752,TESS,R,TESS/TESS.Red,228.43218409768036,13.832688592145152,18.003106769549095,0.062368893512922824,7452.64,402263436849223.9
9,58806.87594244984,TESS,R,TESS/TESS.Red,263.49593198404926,12.17038678461272,17.848065213277707,0.04562995021126605,7452.64,402263436849223.9
10,58807.12593906695,TESS,R,TESS/TESS.Red,274.0830629241535,10.935479962481931,17.805294502594602,0.03799744795965244,7452.64,402263436849223.9
11,58807.37767177686,TESS,R,TESS/TESS.Red,315.25093927207257,15.7522477391112,17.6533590269937,0.05010453806096108,7452.64,402263436849223.9
12,58807.64676536949,TESS,R,TESS/TESS.Red,358.657736811268,14.689828025682194,17.5132994907818,0.03930369483510248,7452.64,402263436849223.9
13,58807.89676200371,TESS,R,TESS/TESS.Red,387.073838435861,12.3480082674312,17.43051545201065,0.02769309755791996,7452.64,402263436849223.9
14,58808.14675864428,TESS,R,TESS/TESS.Red,447.0002861857376,13.99445323619275,17.27423049704238,0.026882899609091404,7452.64,402263436849223.9
15,58808.396755296744,TESS,R,TESS/TESS.Red,476.8968853180793,14.564516497430589,17.203938784990967,0.025821468833531647,7452.64,402263436849223.9
16,58808.64675196162,TESS,R,TESS/TESS.Red,489.2590139085806,13.874481606351587,17.1761529108295,0.022699086753146667,7452.64,402263436849223.9
17,58808.896748624415,TESS,R,TESS/TESS.Red,555.7596649960183,17.640243194221792,17.03778243980032,0.02747533331386838,7452.64,402263436849223.9
18,58809.146745295795,TESS,R,TESS/TESS.Red,566.9908872420209,16.4524794911936,17.01605980273382,0.02366056779102375,7452.64,402263436849223.9
19,58809.39674197647,TESS,R,TESS/TESS.Red,610.729952144282,17.16373661104866,16.93537695073901,0.0223228313756172,7452.64,402263436849223.9
20,58809.646738667194,TESS,R,TESS/TESS.Red,663.7077365023093,21.25721311497137,16.845057799948382,0.02786544587930459,7452.64,402263436849223.9
21,58809.896735368886,TESS,R,TESS/TESS.Red,690.4551586754043,17.585866334417982,16.802161303112346,0.018220367541138923,7452.64,402263436849223.9
22,58810.14673208253,TESS,R,TESS/TESS.Red,751.726183841054,20.311657131404946,16.709850805774817,0.020685596130026258,7452.64,402263436849223.9
23,58810.39672880919,TESS,R,TESS/TESS.Red,794.4460337316211,21.104853616437737,16.649838997081048,0.019979554256737687,7452.64,402263436849223.9
24,58810.646725550214,TESS,R,TESS/TESS.Red,850.2951775939375,20.826298139784292,16.576075709989095,0.016566304780531862,7452.64,402263436849223.9
25,58810.89672230696,TESS,R,TESS/TESS.Red,899.0239757667274,20.984999144407702,16.515571815148732,0.014475369854994912,7452.64,402263436849223.9
26,58811.14671908121,TESS,R,TESS/TESS.Red,949.7225926541678,22.861672299026942,16.45600807644365,0.01582201518388658,7452.64,402263436849223.9
27,58811.39671587482,TESS,R,TESS/TESS.Red,997.587994693401,22.916750065186378,16.40262196485672,0.013760288992001284,7452.64,402263436849223.9
28,58811.646712690104,TESS,R,TESS/TESS.Red,1026.3714782417196,24.831250714280372,16.371738562603724,0.016038615855007973,7452.64,402263436849223.9
29,58811.90018170844,TESS,R,TESS/TESS.Red,1087.0362597348376,24.187911794025133,16.30938992281068,0.012284682415368339,7452.64,402263436849223.9
30,58812.167539470596,TESS,R,TESS/TESS.Red,1120.6802880447694,26.360550386175124,16.27629566731225,0.014814753803706225,7452.64,402263436849223.9
31,58812.417536372115,TESS,R,TESS/TESS.Red,1176.912870898838,27.069981599245317,16.223139219035183,0.013816647579949083,7452.64,402263436849223.9
32,58812.667533310334,TESS,R,TESS/TESS.Red,1206.9395071900688,26.581135311671876,16.195786241392742,0.011791152975264008,7452.64,402263436849223.9
33,58812.917530291365,TESS,R,TESS/TESS.Red,1286.086135201759,28.796989072978437,16.12682485926414,0.012580843161441948,7452.64,402263436849223.9
34,58813.16752732303,TESS,R,TESS/TESS.Red,1281.9118477227025,28.50236579498483,16.13035459648897,0.012248380407796902,7452.64,402263436849223.9
35,58813.417524415585,TESS,R,TESS/TESS.Red,1388.2382851988123,30.880727638096527,16.043839956704,0.012270365017319589,7452.64,402263436849223.9
36,58813.66752158275,TESS,R,TESS/TESS.Red,1435.4142848563538,31.70618633541655,16.007556840251212,0.011933492581131121,7452.64,402263436849223.9
37,58813.9175188434,TESS,R,TESS/TESS.Red,1488.3375538264293,32.791230689979145,15.968246399900796,0.011809931922633014,7452.64,402263436849223.9
38,58814.16751622361,TESS,R,TESS/TESS.Red,1529.873960866817,33.535646684747846,15.938360867980172,0.011562557301548482,7452.64,402263436849223.9
39,58814.40709718777,TESS,R,TESS/TESS.Red,1588.2478293536128,34.34302541441073,15.89770432384826,0.010882624869816221,7452.64,402263436849223.9
40,57933.524353,ATLAS,o,Misc/Atlas.orange,90.5,17.014569,19.008379,0.204125,6629.8207075155,452187881431179.9
41,57969.445282,ATLAS,o,Misc/Atlas.orange,55.479122,14.136456,19.539676,0.276653,6629.8207075155,452187881431179.9
42,57982.42387,ATLAS,o,Misc/Atlas.orange,145.442995,18.475326,18.493268,0.137919,6629.8207075155,452187881431179.9
43,58010.324072,ATLAS,o,Misc/Atlas.orange,96.0,25.57325,18.944322,0.289227,6629.8207075155,452187881431179.9
44,58110.211618,ATLAS,o,Misc/Atlas.orange,57.574511,19.015566,19.499424,0.358594,6629.8207075155,452187881431179.9
45,58266.559651,ATLAS,o,Misc/Atlas.orange,68.221541,16.911319,19.315196,0.269141,6629.8207075155,452187881431179.9
46,58292.535767,ATLAS,o,Misc/Atlas.orange,33.706133,8.988882,20.080728,0.289548,6629.8207075155,452187881431179.9
47,58296.579001,ATLAS,o,Misc/Atlas.orange,54.070449,12.048114,19.5676,0.241926,6629.8207075155,452187881431179.9
48,58322.459834,ATLAS,o,Misc/Atlas.orange,67.477011,19.765322,19.32711,0.318033,6629.8207075155,452187881431179.9
49,58334.47339,ATLAS,o,Misc/Atlas.orange,202.609216,61.489315,18.133352,0.329507,6629.8207075155,452187881431179.9
50,58462.249447,ATLAS,o,Misc/Atlas.orange,62.531867,18.683511,19.409747,0.3244,6629.8207075155,452187881431179.9
51,58480.226192,ATLAS,o,Misc/Atlas.orange,50.46517,14.126914,19.642521,0.303934,6629.8207075155,452187881431179.9
52,58634.553651,ATLAS,o,Misc/Atlas.orange,62.64353,18.683511,19.407809,0.323822,6629.8207075155,452187881431179.9
53,58658.514611,ATLAS,o,Misc/Atlas.orange,67.782062,15.659473,19.322213,0.250834,6629.8207075155,452187881431179.9
54,58702.484544,ATLAS,o,Misc/Atlas.orange,138.0,25.57325,18.550302,0.201201,6629.8207075155,452187881431179.9
55,58772.345646,ATLAS,o,Misc/Atlas.orange,99.990964,22.61758,18.900098,0.245589,6629.8207075155,452187881431179.9
56,58810.209503,ATLAS,o,Misc/Atlas.orange,682.654051,36.8422,16.814498,0.058596,6629.8207075155,452187881431179.9
57,58818.236856,ATLAS,o,Misc/Atlas.orange,2413.584243,50.695062,15.443344,0.022805,6629.8207075155,452187881431179.9
58,58826.208799,ATLAS,o,Misc/Atlas.orange,3554.696119,17.91826,15.022994,0.005473,6629.8207075155,452187881431179.9
59,58828.222873,ATLAS,o,Misc/Atlas.orange,3902.034552,27.955059,14.921772,0.007778,6629.8207075155,452187881431179.9
60,58836.221976,ATLAS,o,Misc/Atlas.orange,4528.0,35.241894,14.760234,0.00845,6629.8207075155,452187881431179.9
61,58910.614124,ATLAS,o,Misc/Atlas.orange,3420.0,32.155732,15.064935,0.010208,6629.8207075155,452187881431179.9
62,58950.481788,ATLAS,o,Misc/Atlas.orange,2488.23599,19.812016,15.410271,0.008645,6629.8207075155,452187881431179.9
63,58966.559922,ATLAS,o,Misc/Atlas.orange,2269.695392,17.567465,15.510081,0.008404,6629.8207075155,452187881431179.9
64,58970.603905,ATLAS,o,Misc/Atlas.orange,2285.0,16.911447,15.502784,0.008036,6629.8207075155,452187881431179.9
65,58974.59413,ATLAS,o,Misc/Atlas.orange,2194.290486,16.703422,15.546765,0.008265,6629.8207075155,452187881431179.9
66,58978.601487,ATLAS,o,Misc/Atlas.orange,2144.37002,17.089762,15.571751,0.008653,6629.8207075155,452187881431179.9
67,58982.592334,ATLAS,o,Misc/Atlas.orange,2117.260693,15.341645,15.585564,0.007867,6629.8207075155,452187881431179.9
68,58986.590806,ATLAS,o,Misc/Atlas.orange,2107.006864,14.470997,15.590835,0.007457,6629.8207075155,452187881431179.9
69,58990.537397,ATLAS,o,Misc/Atlas.orange,2081.255853,15.069729,15.604186,0.007861,6629.8207075155,452187881431179.9
70,58994.548135,ATLAS,o,Misc/Atlas.orange,1987.265925,10.742012,15.65436,0.005869,6629.8207075155,452187881431179.9
71,59002.519002,ATLAS,o,Misc/Atlas.orange,1930.730152,15.341645,15.685696,0.008627,6629.8207075155,452187881431179.9
72,59004.583044,ATLAS,o,Misc/Atlas.orange,1930.404046,16.932162,15.685879,0.009523,6629.8207075155,452187881431179.9
73,59006.498126,ATLAS,o,Misc/Atlas.orange,1925.705784,16.708776,15.688525,0.009421,6629.8207075155,452187881431179.9
74,59008.517971,ATLAS,o,Misc/Atlas.orange,1890.102496,34.030348,15.708787,0.019548,6629.8207075155,452187881431179.9
75,59010.507867,ATLAS,o,Misc/Atlas.orange,1888.962188,15.421117,15.709442,0.008864,6629.8207075155,452187881431179.9
76,59011.517936,ATLAS,o,Misc/Atlas.orange,1933.970856,18.063175,15.683875,0.010141,6629.8207075155,452187881431179.9
77,59014.503412,ATLAS,o,Misc/Atlas.orange,1908.671893,17.174554,15.698172,0.00977,6629.8207075155,452187881431179.9
78,59015.513511,ATLAS,o,Misc/Atlas.orange,1893.727463,17.567465,15.706706,0.010072,6629.8207075155,452187881431179.9
79,59026.476117,ATLAS,o,Misc/Atlas.orange,1810.785768,20.000795,15.755332,0.011992,6629.8207075155,452187881431179.9
80,59030.467035,ATLAS,o,Misc/Atlas.orange,1752.735237,17.168533,15.790709,0.010635,6629.8207075155,452187881431179.9
81,59034.474019,ATLAS,o,Misc/Atlas.orange,1727.285276,15.134308,15.80659,0.009513,6629.8207075155,452187881431179.9
82,59036.453414,ATLAS,o,Misc/Atlas.orange,1763.272537,17.702186,15.784201,0.0109,6629.8207075155,452187881431179.9
83,59038.461937,ATLAS,o,Misc/Atlas.orange,1715.311247,14.215806,15.814143,0.008998,6629.8207075155,452187881431179.9
84,59042.431784,ATLAS,o,Misc/Atlas.orange,1723.427937,20.930858,15.809017,0.013186,6629.8207075155,452187881431179.9
85,59054.464352,ATLAS,o,Misc/Atlas.orange,1601.43802,20.198674,15.888725,0.013694,6629.8207075155,452187881431179.9
86,59058.431009,ATLAS,o,Misc/Atlas.orange,1651.0,20.712208,15.855632,0.013621,6629.8207075155,452187881431179.9
87,59060.431658,ATLAS,o,Misc/Atlas.orange,1672.436668,15.615239,15.841626,0.010137,6629.8207075155,452187881431179.9
88,59062.438479,ATLAS,o,Misc/Atlas.orange,1637.631606,15.157375,15.864459,0.010049,6629.8207075155,452187881431179.9
89,59064.429474,ATLAS,o,Misc/Atlas.orange,1673.39807,18.712863,15.841002,0.012141,6629.8207075155,452187881431179.9
90,59068.449557,ATLAS,o,Misc/Atlas.orange,1654.499819,15.793603,15.853333,0.010364,6629.8207075155,452187881431179.9
91,59070.449519,ATLAS,o,Misc/Atlas.orange,1567.0,29.291486,15.912328,0.020295,6629.8207075155,452187881431179.9
92,59072.408066,ATLAS,o,Misc/Atlas.orange,1629.104814,14.898902,15.870127,0.00993,6629.8207075155,452187881431179.9
93,59074.435215,ATLAS,o,Misc/Atlas.orange,1593.36104,14.136456,15.894215,0.009633,6629.8207075155,452187881431179.9
94,59078.387121,ATLAS,o,Misc/Atlas.orange,1551.267168,13.821094,15.923283,0.009673,6629.8207075155,452187881431179.9
95,59082.407422,ATLAS,o,Misc/Atlas.orange,1559.622712,20.198674,15.917451,0.014061,6629.8207075155,452187881431179.9
96,59086.359317,ATLAS,o,Misc/Atlas.orange,1530.375713,14.384136,15.938005,0.010205,6629.8207075155,452187881431179.9
97,59088.372705,ATLAS,o,Misc/Atlas.orange,1540.306923,10.345686,15.930982,0.007292,6629.8207075155,452187881431179.9
98,59090.364086,ATLAS,o,Misc/Atlas.orange,1484.825907,17.580367,15.970811,0.012855,6629.8207075155,452187881431179.9
99,59092.388631,ATLAS,o,Misc/Atlas.orange,1546.18267,17.762143,15.926848,0.012473,6629.8207075155,452187881431179.9
100,59094.35566,ATLAS,o,Misc/Atlas.orange,1496.597484,16.816898,15.962237,0.0122,6629.8207075155,452187881431179.9
101,59096.340573,ATLAS,o,Misc/Atlas.orange,1515.175786,17.02855,15.948842,0.012202,6629.8207075155,452187881431179.9
102,59098.360163,ATLAS,o,Misc/Atlas.orange,1481.728398,14.218774,15.973078,0.010419,6629.8207075155,452187881431179.9
103,59100.368953,ATLAS,o,Misc/Atlas.orange,1522.525888,11.580394,15.943588,0.008258,6629.8207075155,452187881431179.9
104,59102.335102,ATLAS,o,Misc/Atlas.orange,1439.061446,13.428219,16.004802,0.010131,6629.8207075155,452187881431179.9
105,59106.359826,ATLAS,o,Misc/Atlas.orange,1464.957036,13.584842,15.985438,0.010068,6629.8207075155,452187881431179.9
106,59110.317354,ATLAS,o,Misc/Atlas.orange,1423.37435,21.501599,16.016702,0.016401,6629.8207075155,452187881431179.9
107,59114.320695,ATLAS,o,Misc/Atlas.orange,1432.105179,10.809449,16.010063,0.008195,6629.8207075155,452187881431179.9
108,59118.306707,ATLAS,o,Misc/Atlas.orange,1397.01099,11.427434,16.037,0.008881,6629.8207075155,452187881431179.9
109,59120.33074,ATLAS,o,Misc/Atlas.orange,1418.911206,18.691923,16.020112,0.014303,6629.8207075155,452187881431179.9
110,59122.332668,ATLAS,o,Misc/Atlas.orange,1355.5,24.919783,16.069751,0.01996,6629.8207075155,452187881431179.9
111,59126.274636,ATLAS,o,Misc/Atlas.orange,1390.704748,17.580367,16.041913,0.013725,6629.8207075155,452187881431179.9
112,59130.332846,ATLAS,o,Misc/Atlas.orange,1365.636607,14.271947,16.061662,0.011347,6629.8207075155,452187881431179.9
113,59134.327689,ATLAS,o,Misc/Atlas.orange,1363.375839,21.696759,16.063461,0.017278,6629.8207075155,452187881431179.9
114,59138.314111,ATLAS,o,Misc/Atlas.orange,1318.216943,15.2298,16.100033,0.012544,6629.8207075155,452187881431179.9
115,59144.257597,ATLAS,o,Misc/Atlas.orange,1316.828173,25.994407,16.101177,0.021433,6629.8207075155,452187881431179.9
116,59146.298629,ATLAS,o,Misc/Atlas.orange,1276.894322,14.305685,16.134613,0.012164,6629.8207075155,452187881431179.9
117,59148.277741,ATLAS,o,Misc/Atlas.orange,1349.589827,15.880507,16.074496,0.012776,6629.8207075155,452187881431179.9
118,59154.286428,ATLAS,o,Misc/Atlas.orange,1234.825461,16.739146,16.170986,0.014718,6629.8207075155,452187881431179.9
119,59156.293778,ATLAS,o,Misc/Atlas.orange,1301.992063,20.174957,16.113479,0.016824,6629.8207075155,452187881431179.9
120,59162.276561,ATLAS,o,Misc/Atlas.orange,1198.913436,14.225125,16.20303,0.012882,6629.8207075155,452187881431179.9
121,59178.231414,ATLAS,o,Misc/Atlas.orange,1113.470924,17.304632,16.283303,0.016874,6629.8207075155,452187881431179.9
122,59180.227244,ATLAS,o,Misc/Atlas.orange,1136.059569,19.8186,16.261497,0.018941,6629.8207075155,452187881431179.9
123,59182.195124,ATLAS,o,Misc/Atlas.orange,1116.819402,25.994407,16.280043,0.025271,6629.8207075155,452187881431179.9
124,59186.244069,ATLAS,o,Misc/Atlas.orange,1041.281253,16.778805,16.35608,0.017495,6629.8207075155,452187881431179.9
125,59188.230688,ATLAS,o,Misc/Atlas.orange,1255.46865,29.831553,16.152985,0.025798,6629.8207075155,452187881431179.9
126,59212.210712,ATLAS,o,Misc/Atlas.orange,915.811645,21.471387,16.495485,0.025455,6629.8207075155,452187881431179.9
127,59304.534003,ATLAS,o,Misc/Atlas.orange,430.0,88.622746,17.316329,0.22377,6629.8207075155,452187881431179.9
128,59310.61603,ATLAS,o,Misc/Atlas.orange,436.488765,13.207721,17.300067,0.032853,6629.8207075155,452187881431179.9
129,59328.571587,ATLAS,o,Misc/Atlas.orange,352.570357,15.395287,17.531886,0.04741,6629.8207075155,452187881431179.9
130,59334.592028,ATLAS,o,Misc/Atlas.orange,335.767377,14.467444,17.584904,0.046782,6629.8207075155,452187881431179.9
131,59342.533312,ATLAS,o,Misc/Atlas.orange,300.0,26.720612,17.707197,0.096705,6629.8207075155,452187881431179.9
132,59346.567463,ATLAS,o,Misc/Atlas.orange,308.671384,14.659882,17.676259,0.051565,6629.8207075155,452187881431179.9
133,59350.390451,ATLAS,o,Misc/Atlas.orange,302.535368,15.775798,17.69806,0.056616,6629.8207075155,452187881431179.9
134,59354.560606,ATLAS,o,Misc/Atlas.orange,287.08082,14.260668,17.75499,0.053934,6629.8207075155,452187881431179.9
135,59358.554509,ATLAS,o,Misc/Atlas.orange,280.772227,14.785132,17.779115,0.057174,6629.8207075155,452187881431179.9
136,59360.560686,ATLAS,o,Misc/Atlas.orange,290.193515,20.589812,17.743281,0.077035,6629.8207075155,452187881431179.9
137,59362.53928,ATLAS,o,Misc/Atlas.orange,266.21901,14.282619,17.836902,0.05825,6629.8207075155,452187881431179.9
138,59364.552522,ATLAS,o,Misc/Atlas.orange,241.885764,15.069729,17.940974,0.067642,6629.8207075155,452187881431179.9
139,59368.509227,ATLAS,o,Misc/Atlas.orange,196.377951,18.683511,18.167268,0.103298,6629.8207075155,452187881431179.9
140,59370.552397,ATLAS,o,Misc/Atlas.orange,244.849807,14.357695,17.927751,0.063666,6629.8207075155,452187881431179.9
141,59372.525973,ATLAS,o,Misc/Atlas.orange,244.06867,13.50826,17.93122,0.060091,6629.8207075155,452187881431179.9
142,59376.55785,ATLAS,o,Misc/Atlas.orange,232.438108,13.279582,17.984232,0.06203,6629.8207075155,452187881431179.9
143,59384.496836,ATLAS,o,Misc/Atlas.orange,219.21842,12.99272,18.047807,0.06435,6629.8207075155,452187881431179.9
144,59386.532454,ATLAS,o,Misc/Atlas.orange,208.453395,15.400094,18.102478,0.080212,6629.8207075155,452187881431179.9
145,59388.487932,ATLAS,o,Misc/Atlas.orange,198.207103,17.767038,18.157202,0.097324,6629.8207075155,452187881431179.9
146,59390.467457,ATLAS,o,Misc/Atlas.orange,181.76449,20.898483,18.251227,0.124833,6629.8207075155,452187881431179.9
147,59392.478422,ATLAS,o,Misc/Atlas.orange,201.368886,17.156957,18.140019,0.092506,6629.8207075155,452187881431179.9
148,59394.497983,ATLAS,o,Misc/Atlas.orange,171.336204,9.578744,18.315377,0.060699,6629.8207075155,452187881431179.9
149,59398.481991,ATLAS,o,Misc/Atlas.orange,177.50401,10.364859,18.27698,0.063399,6629.8207075155,452187881431179.9
150,59402.529278,ATLAS,o,Misc/Atlas.orange,164.805918,12.718347,18.357568,0.083788,6629.8207075155,452187881431179.9
151,59406.434364,ATLAS,o,Misc/Atlas.orange,186.002141,13.995846,18.226205,0.081697,6629.8207075155,452187881431179.9
152,59410.495234,ATLAS,o,Misc/Atlas.orange,137.197011,18.673569,18.556638,0.147777,6629.8207075155,452187881431179.9
153,59414.439542,ATLAS,o,Misc/Atlas.orange,153.238401,16.798842,18.436581,0.119024,6629.8207075155,452187881431179.9
154,59418.437718,ATLAS,o,Misc/Atlas.orange,126.280474,15.941178,18.646659,0.137059,6629.8207075155,452187881431179.9
155,59420.475514,ATLAS,o,Misc/Atlas.orange,159.322496,14.844295,18.394307,0.10116,6629.8207075155,452187881431179.9
156,59422.395946,ATLAS,o,Misc/Atlas.orange,135.199914,16.020462,18.572559,0.128654,6629.8207075155,452187881431179.9
157,59424.47716,ATLAS,o,Misc/Atlas.orange,172.326838,11.214714,18.309118,0.070658,6629.8207075155,452187881431179.9
158,59426.459763,ATLAS,o,Misc/Atlas.orange,143.213852,14.082074,18.510037,0.106759,6629.8207075155,452187881431179.9
159,59428.52762,ATLAS,o,Misc/Atlas.orange,148.287466,16.746406,18.472239,0.122614,6629.8207075155,452187881431179.9
160,59432.506097,ATLAS,o,Misc/Atlas.orange,131.863653,13.497048,18.599687,0.111132,6629.8207075155,452187881431179.9
161,59436.487285,ATLAS,o,Misc/Atlas.orange,146.508601,13.42658,18.485342,0.099501,6629.8207075155,452187881431179.9
162,59440.354306,ATLAS,o,Misc/Atlas.orange,135.437422,13.129496,18.570653,0.105253,6629.8207075155,452187881431179.9
163,59442.387945,ATLAS,o,Misc/Atlas.orange,122.424485,12.329359,18.680329,0.109344,6629.8207075155,452187881431179.9
164,59444.446037,ATLAS,o,Misc/Atlas.orange,132.036647,15.029561,18.598264,0.123588,6629.8207075155,452187881431179.9
165,59446.386943,ATLAS,o,Misc/Atlas.orange,99.23455,13.63618,18.908343,0.149195,6629.8207075155,452187881431179.9
166,59448.356538,ATLAS,o,Misc/Atlas.orange,121.16024,17.346056,18.6916,0.155441,6629.8207075155,452187881431179.9
167,59452.396027,ATLAS,o,Misc/Atlas.orange,126.111654,13.734817,18.648112,0.118248,6629.8207075155,452187881431179.9
168,59454.362891,ATLAS,o,Misc/Atlas.orange,104.876853,12.391766,18.848301,0.128286,6629.8207075155,452187881431179.9
169,59458.425751,ATLAS,o,Misc/Atlas.orange,105.73615,13.283182,18.839441,0.136396,6629.8207075155,452187881431179.9
170,59462.336283,ATLAS,o,Misc/Atlas.orange,97.7564,12.391766,18.924637,0.13763,6629.8207075155,452187881431179.9
171,59466.461464,ATLAS,o,Misc/Atlas.orange,120.0,31.416415,18.702047,0.284249,6629.8207075155,452187881431179.9
172,59472.363934,ATLAS,o,Misc/Atlas.orange,102.120581,14.139665,18.877217,0.150332,6629.8207075155,452187881431179.9
173,59476.333186,ATLAS,o,Misc/Atlas.orange,87.229513,19.431302,19.048341,0.241859,6629.8207075155,452187881431179.9
174,59480.302666,ATLAS,o,Misc/Atlas.orange,80.890215,14.387629,19.13026,0.193116,6629.8207075155,452187881431179.9
175,59484.349344,ATLAS,o,Misc/Atlas.orange,77.098068,10.981175,19.182391,0.154643,6629.8207075155,452187881431179.9
176,59486.349254,ATLAS,o,Misc/Atlas.orange,103.466104,14.978238,18.863005,0.157176,6629.8207075155,452187881431179.9
177,59488.341575,ATLAS,o,Misc/Atlas.orange,66.083757,12.716053,19.349763,0.208921,6629.8207075155,452187881431179.9
178,59490.320376,ATLAS,o,Misc/Atlas.orange,84.0,18.894326,19.089302,0.244217,6629.8207075155,452187881431179.9
179,59492.339426,ATLAS,o,Misc/Atlas.orange,78.914251,12.100965,19.157111,0.16649,6629.8207075155,452187881431179.9
180,59498.30589,ATLAS,o,Misc/Atlas.orange,70.5,20.235997,19.279527,0.311645,6629.8207075155,452187881431179.9
181,59500.318783,ATLAS,o,Misc/Atlas.orange,55.363038,10.478722,19.54195,0.2055,6629.8207075155,452187881431179.9
182,59502.257285,ATLAS,o,Misc/Atlas.orange,68.342663,16.387554,19.31327,0.260343,6629.8207075155,452187881431179.9
183,59504.285955,ATLAS,o,Misc/Atlas.orange,66.865078,11.818486,19.337002,0.191905,6629.8207075155,452187881431179.9
184,59508.334943,ATLAS,o,Misc/Atlas.orange,106.917691,26.415734,18.827376,0.268249,6629.8207075155,452187881431179.9
185,59510.249601,ATLAS,o,Misc/Atlas.orange,79.661975,15.489198,19.146872,0.211107,6629.8207075155,452187881431179.9
186,59512.243369,ATLAS,o,Misc/Atlas.orange,71.444523,18.683511,19.265078,0.283932,6629.8207075155,452187881431179.9
187,59514.270669,ATLAS,o,Misc/Atlas.orange,88.139199,10.707172,19.037077,0.131896,6629.8207075155,452187881431179.9
188,59518.246963,ATLAS,o,Misc/Atlas.orange,78.41655,14.136456,19.163981,0.19573,6629.8207075155,452187881431179.9
189,59522.272163,ATLAS,o,Misc/Atlas.orange,60.962603,15.234,19.437341,0.271316,6629.8207075155,452187881431179.9
190,59526.198606,ATLAS,o,Misc/Atlas.orange,222.0,27.331138,18.034118,0.133668,6629.8207075155,452187881431179.9
191,59528.209958,ATLAS,o,Misc/Atlas.orange,71.10218,17.713825,19.270293,0.270492,6629.8207075155,452187881431179.9
192,59530.269464,ATLAS,o,Misc/Atlas.orange,77.457055,16.017286,19.177348,0.224519,6629.8207075155,452187881431179.9
193,59534.206859,ATLAS,o,Misc/Atlas.orange,70.908949,17.248463,19.273247,0.264103,6629.8207075155,452187881431179.9
194,59540.274096,ATLAS,o,Misc/Atlas.orange,113.025163,18.403103,18.767062,0.176783,6629.8207075155,452187881431179.9
195,59544.200469,ATLAS,o,Misc/Atlas.orange,77.389676,15.335918,19.178292,0.215155,6629.8207075155,452187881431179.9
196,59721.533767,ATLAS,o,Misc/Atlas.orange,46.13345,14.295796,19.73996,0.336447,6629.8207075155,452187881431179.9
197,59729.533136,ATLAS,o,Misc/Atlas.orange,46.262183,14.978238,19.736935,0.351527,6629.8207075155,452187881431179.9
198,59733.512218,ATLAS,o,Misc/Atlas.orange,43.891539,11.783003,19.794048,0.291474,6629.8207075155,452187881431179.9
199,59749.536444,ATLAS,o,Misc/Atlas.orange,94.0,29.291486,18.96718,0.338328,6629.8207075155,452187881431179.9
200,59773.427786,ATLAS,o,Misc/Atlas.orange,79.866796,24.57879,19.144084,0.334132,6629.8207075155,452187881431179.9
201,59793.431969,ATLAS,o,Misc/Atlas.orange,54.131695,12.055337,19.566371,0.241798,6629.8207075155,452187881431179.9
202,59907.258997,ATLAS,o,Misc/Atlas.orange,70.253356,16.773267,19.283332,0.259224,6629.8207075155,452187881431179.9
203,60136.507438,ATLAS,o,Misc/Atlas.orange,57.709156,15.652464,19.496888,0.294484,6629.8207075155,452187881431179.9
204,60190.362062,ATLAS,o,Misc/Atlas.orange,57.379676,15.307735,19.503105,0.289652,6629.8207075155,452187881431179.9
205,60481.516605,ATLAS,o,Misc/Atlas.orange,38.113579,10.715072,19.947301,0.305239,6629.8207075155,452187881431179.9
206,58012.349571,ATLAS,c,Misc/Atlas.cyan,48.563266,14.516835,19.68423,0.324555,5182.4187728719,578479800917104.2
207,58280.559897,ATLAS,c,Misc/Atlas.cyan,502.167902,70.01171,17.147878,0.151372,5182.4187728719,578479800917104.2
208,58964.608645,ATLAS,c,Misc/Atlas.cyan,1482.0,29.136957,15.972879,0.021346,5182.4187728719,578479800917104.2
209,58968.548571,ATLAS,c,Misc/Atlas.cyan,1454.52799,16.818763,15.993195,0.012554,5182.4187728719,578479800917104.2
210,58988.558471,ATLAS,c,Misc/Atlas.cyan,1238.488592,16.244598,16.16777,0.014241,5182.4187728719,578479800917104.2
211,58992.530863,ATLAS,c,Misc/Atlas.cyan,1204.165618,13.901209,16.198284,0.012534,5182.4187728719,578479800917104.2
212,59000.554131,ATLAS,c,Misc/Atlas.cyan,1215.234425,19.559504,16.18835,0.017475,5182.4187728719,578479800917104.2
213,59020.502087,ATLAS,c,Misc/Atlas.cyan,999.096184,14.304436,16.400982,0.015545,5182.4187728719,578479800917104.2
214,59028.487046,ATLAS,c,Misc/Atlas.cyan,936.347974,19.553067,16.471407,0.022673,5182.4187728719,578479800917104.2
215,59048.405464,ATLAS,c,Misc/Atlas.cyan,868.945672,15.305061,16.552518,0.019123,5182.4187728719,578479800917104.2
216,59076.414505,ATLAS,c,Misc/Atlas.cyan,804.957147,20.872635,16.635568,0.028153,5182.4187728719,578479800917104.2
217,59084.407888,ATLAS,c,Misc/Atlas.cyan,767.151261,13.36055,16.687797,0.018909,5182.4187728719,578479800917104.2
218,59104.386514,ATLAS,c,Misc/Atlas.cyan,689.333333,15.502282,16.803927,0.024417,5182.4187728719,578479800917104.2
219,59108.373571,ATLAS,c,Misc/Atlas.cyan,709.081037,15.809595,16.77326,0.024207,5182.4187728719,578479800917104.2
220,59132.298659,ATLAS,c,Misc/Atlas.cyan,641.802845,19.172589,16.881496,0.032434,5182.4187728719,578479800917104.2
221,59136.300194,ATLAS,c,Misc/Atlas.cyan,659.629669,16.493269,16.85175,0.027148,5182.4187728719,578479800917104.2
222,59160.209897,ATLAS,c,Misc/Atlas.cyan,835.0,141.862477,16.595784,0.184461,5182.4187728719,578479800917104.2
223,59194.205134,ATLAS,c,Misc/Atlas.cyan,430.555331,11.403787,17.314928,0.028757,5182.4187728719,578479800917104.2
224,59262.633345,ATLAS,c,Misc/Atlas.cyan,208.5,19.364429,18.102235,0.100838,5182.4187728719,578479800917104.2
225,59292.604518,ATLAS,c,Misc/Atlas.cyan,178.660496,15.603167,18.269929,0.094822,5182.4187728719,578479800917104.2
226,59322.549632,ATLAS,c,Misc/Atlas.cyan,121.470456,14.427204,18.688823,0.128954,5182.4187728719,578479800917104.2
227,59326.609929,ATLAS,c,Misc/Atlas.cyan,109.409177,14.943187,18.802366,0.148291,5182.4187728719,578479800917104.2
228,59344.549316,ATLAS,c,Misc/Atlas.cyan,114.749879,13.110607,18.750619,0.124049,5182.4187728719,578479800917104.2
229,59356.56243,ATLAS,c,Misc/Atlas.cyan,75.380891,12.874976,19.206847,0.185443,5182.4187728719,578479800917104.2
230,59374.513241,ATLAS,c,Misc/Atlas.cyan,112.0,24.999245,18.776955,0.242345,5182.4187728719,578479800917104.2
231,59382.559966,ATLAS,c,Misc/Atlas.cyan,51.92547,9.494598,19.611549,0.198527,5182.4187728719,578479800917104.2
232,59434.47865,ATLAS,c,Misc/Atlas.cyan,72.052474,18.12817,19.255878,0.273168,5182.4187728719,578479800917104.2
233,59438.467837,ATLAS,c,Misc/Atlas.cyan,37.73835,10.165274,19.958043,0.292456,5182.4187728719,578479800917104.2
234,59464.370929,ATLAS,c,Misc/Atlas.cyan,89.370306,18.12817,19.022017,0.220234,5182.4187728719,578479800917104.2
235,59524.274134,ATLAS,c,Misc/Atlas.cyan,78.820279,19.168938,19.158405,0.264049,5182.4187728719,578479800917104.2
236,59671.598925,ATLAS,c,Misc/Atlas.cyan,64.882135,18.985209,19.369687,0.317698,5182.4187728719,578479800917104.2
237,59905.225628,ATLAS,c,Misc/Atlas.cyan,59.052474,18.12817,19.471905,0.333304,5182.4187728719,578479800917104.2
238,60056.548024,ATLAS,c,Misc/Atlas.cyan,47.103149,12.761871,19.717375,0.294163,5182.4187728719,578479800917104.2
239,60176.402289,ATLAS,c,Misc/Atlas.cyan,47.183982,11.780181,19.715514,0.27107,5182.4187728719,578479800917104.2
240,60200.365702,ATLAS,c,Misc/Atlas.cyan,97.211786,19.553067,18.930703,0.218384,5182.4187728719,578479800917104.2
241,57532.5495931784,PS1,i,PAN-STARRS/PS1.i,6.24316,4.27536,21.9115,0.684807,7503.0304998466,399561827725649.3
242,57532.5615952326,PS1,i,PAN-STARRS/PS1.i,5.48042,2.669,22.0529,0.487006,7503.0304998466,399561827725649.3
243,57532.5735690148,PS1,i,PAN-STARRS/PS1.i,3.94999,3.22012,22.4085,0.81522,7503.0304998466,399561827725649.3
244,57532.585558535,PS1,i,PAN-STARRS/PS1.i,6.98977,5.78578,21.7888,0.827749,7503.0304998466,399561827725649.3
245,57920.5132751637,PS1,i,PAN-STARRS/PS1.i,1.71296,2.05567,23.3156,1.20007,7503.0304998466,399561827725649.3
246,57949.4760944992,PS1,i,PAN-STARRS/PS1.i,1.70984,2.39859,23.3176,1.4028,7503.0304998466,399561827725649.3
247,57969.4518431377,PS1,i,PAN-STARRS/PS1.i,2.13033,3.32804,23.0789,1.56221,7503.0304998466,399561827725649.3
248,58293.4526868906,PS1,i,PAN-STARRS/PS1.i,2.94892,3.90127,22.7258,1.32295,7503.0304998466,399561827725649.3
249,58293.4658520255,PS1,i,PAN-STARRS/PS1.i,1.48898,1.77013,23.4678,1.18882,7503.0304998466,399561827725649.3
250,58714.4815899512,PS1,i,PAN-STARRS/PS1.i,4.11431,3.6401,22.3642,0.884742,7503.0304998466,399561827725649.3
251,58714.5182970119,PS1,i,PAN-STARRS/PS1.i,7.82222,10.04541,21.6667,1.28421,7503.0304998466,399561827725649.3
252,59120.3141451014,PS1,i,PAN-STARRS/PS1.i,1042.01757,15.76096,16.3553,0.0151254,7503.0304998466,399561827725649.3
253,59120.3281252688,PS1,i,PAN-STARRS/PS1.i,1059.30386,15.9694,16.3375,0.0150753,7503.0304998466,399561827725649.3
254,59120.3420992293,PS1,i,PAN-STARRS/PS1.i,1067.48621,12.15395,16.3291,0.0113856,7503.0304998466,399561827725649.3
255,59120.3560844585,PS1,i,PAN-STARRS/PS1.i,1039.38927,15.46403,16.358,0.014878,7503.0304998466,399561827725649.3
256,59532.2096479438,PS1,i,PAN-STARRS/PS1.i,15.41025,22.63623,20.9305,1.46891,7503.0304998466,399561827725649.3
257,59804.5501282123,PS1,i,PAN-STARRS/PS1.i,4.57671,7.04856,22.2486,1.54009,7503.0304998466,399561827725649.3
258,60160.5589483031,PS1,i,PAN-STARRS/PS1.i,10.35246,12.03326,21.3624,1.16235,7503.0304998466,399561827725649.3
259,60160.5843069083,PS1,i,PAN-STARRS/PS1.i,6.95413,8.51419,21.7944,1.22434,7503.0304998466,399561827725649.3
260,60243.3033831507,PS1,i,PAN-STARRS/PS1.i,1.56137,2.64739,23.4162,1.69557,7503.0304998466,399561827725649.3
261,60243.3293208618,PS1,i,PAN-STARRS/PS1.i,2.40445,3.48354,22.9475,1.4488,7503.0304998466,399561827725649.3
262,57920.6139587824,PS1,z,PAN-STARRS/PS1.z,4.16865,7.01969,22.35,1.68392,8668.3635610343,345846659394416.3
263,58824.036808703706,Siding Springs,g,SLOAN/SDSS.g,3909.1289797747568,23.03608760717977,14.9198,0.006398129726724,4671.7822137652,641708975895055.1
264,58824.0355337037,Siding Springs,u,SLOAN/SDSS.u,3991.71935651718,58.45359739829917,14.8971,0.015899210672231,3608.0403153219,830901075930060.1
265,58835.03985219907,Siding Springs,r,SLOAN/SDSS.r,4566.253309654809,17.609798880471377,14.7511,0.004187151895978,6141.1230039377,488172045744357.4
266,58821.03855680556,Siding Springs,r,SLOAN/SDSS.r,3169.8594044393526,13.937973007711996,15.1474,0.004774016757406,6141.1230039377,488172045744357.4
267,58841.0407162037,Siding Springs,g,SLOAN/SDSS.g,4444.265543439951,25.97896984507821,14.7805,0.006346674798664,4671.7822137652,641708975895055.1
268,58844.04299079861,Siding Springs,r,SLOAN/SDSS.r,4767.821634919791,22.799441546061175,14.7042,0.005191926424748,6141.1230039377,488172045744357.4
269,58841.04271,Siding Springs,i,SLOAN/SDSS.i,4408.389913058718,27.5831802224345,14.7893,0.006793422995809,7457.889035897,401980314479085.5
270,58821.03755930556,Siding Springs,g,SLOAN/SDSS.g,3607.447338641919,14.364458702062375,15.007,0.004323282202216,4671.7822137652,641708975895055.1
271,58838.05297340278,Siding Springs,g,SLOAN/SDSS.g,4480.433130948533,18.14602586214938,14.7717,0.004397297465489,4671.7822137652,641708975895055.1
272,58841.04170150463,Siding Springs,r,SLOAN/SDSS.r,4709.339497797153,21.71857949366739,14.7176,0.005007209202739,6141.1230039377,488172045744357.4
273,58831.03983019676,Siding Springs,i,SLOAN/SDSS.i,3869.72408041962,20.87833244340323,14.9308,0.005857875382764,7457.889035897,401980314479085.5
274,58841.039730902776,Siding Springs,u,SLOAN/SDSS.u,3311.921237076634,104.26383289055912,15.0998,0.0341804681068,3608.0403153219,830901075930060.1
275,58844.04199379629,Siding Springs,g,SLOAN/SDSS.g,4339.103405929247,22.550954957588303,14.8065,0.005642729835815,4671.7822137652,641708975895055.1
276,58838.05396409722,Siding Springs,r,SLOAN/SDSS.r,4682.955166825541,17.717401139402927,14.7237,0.00410775315714,6141.1230039377,488172045744357.4
277,58838.05494739583,Siding Springs,i,SLOAN/SDSS.i,4288.249049254248,22.809579139381107,14.8193,0.005775127704215,7457.889035897,401980314479085.5
278,58821.03954200231,Siding Springs,i,SLOAN/SDSS.i,2625.6691409221376,13.544935038151062,15.3519,0.005600944206113,7457.889035897,401980314479085.5
279,58844.04397700232,Siding Springs,i,SLOAN/SDSS.i,4453.69015798738,24.66285498727035,14.7782,0.006012397275629,7457.889035897,401980314479085.5
280,58831.038845,Siding Springs,r,SLOAN/SDSS.r,4292.991217391684,19.96617641537644,14.8181,0.005049626124773,6141.1230039377,488172045744357.4
281,58831.03784810185,Siding Springs,g,SLOAN/SDSS.g,4403.520272026519,21.9649509712706,14.7905,0.00541569949314,4671.7822137652,641708975895055.1
282,58835.04083989583,Siding Springs,i,SLOAN/SDSS.i,4156.425494358959,22.35367984646229,14.8532,0.005839199945197,7457.889035897,401980314479085.5
283,58824.03779400463,Siding Springs,r,SLOAN/SDSS.r,3536.714475857597,19.828863495259707,15.0285,0.00608726408167,6141.1230039377,488172045744357.4
284,58824.03879079861,Siding Springs,i,SLOAN/SDSS.i,2992.815882894017,23.92217887547121,15.2098,0.008678507705821,7457.889035897,401980314479085.5
285,58835.03885950232,Siding Springs,g,SLOAN/SDSS.g,4577.2011670508655,19.440086932265903,14.7485,0.004611290925543,4671.7822137652,641708975895055.1
286,59042.35015049996,ZTF,g,Palomar/ZTF.g,418.3059083688161,5.25473913684069,17.346265002940893,0.0136389671130276,4746.4797383749,631610107963176.4
287,59059.30572920013,ZTF,g,Palomar/ZTF.g,353.71503133539824,6.0224885900182965,17.528366210462337,0.0184861635091933,4746.4797383749,631610107963176.4
288,59060.30692130001,ZTF,g,Palomar/ZTF.g,323.5332523094701,8.132121390400561,17.625202691256675,0.0272903590342558,4746.4797383749,631610107963176.4
289,59062.37376159988,ZTF,g,Palomar/ZTF.g,353.4418569221481,7.180971448101935,17.529205049397113,0.0220591888986596,4746.4797383749,631610107963176.4
290,59066.33973379992,ZTF,g,Palomar/ZTF.g,349.8729453807494,8.235713657020876,17.540224097251738,0.0255573133261779,4746.4797383749,631610107963176.4
291,59067.40686339978,ZTF,g,Palomar/ZTF.g,307.87559450564504,8.486451008545576,17.67906184133097,0.0299278256358028,4746.4797383749,631610107963176.4
292,59067.4073379999,ZTF,g,Palomar/ZTF.g,333.13700200754334,7.355489642360162,17.593442817287247,0.0239724838739259,4746.4797383749,631610107963176.4
293,59069.33172449982,ZTF,g,Palomar/ZTF.g,360.3042204610115,5.950842059120875,17.50832662673498,0.017932192590245,4746.4797383749,631610107963176.4
294,59069.36891200021,ZTF,g,Palomar/ZTF.g,354.80275613081125,6.305019150550987,17.525032537998793,0.0192940653508415,4746.4797383749,631610107963176.4
295,59072.41251160018,ZTF,g,Palomar/ZTF.g,323.6906112926505,5.999521594205738,17.624674743020655,0.0201238391810139,4746.4797383749,631610107963176.4
296,59072.4129745001,ZTF,g,Palomar/ZTF.g,321.53295951986604,6.610882940937968,17.631936255108137,0.0223232945235612,4746.4797383749,631610107963176.4
297,59082.32671299996,ZTF,g,Palomar/ZTF.g,277.0319428480906,14.854809086151484,17.793675380562263,0.0582185717422797,4746.4797383749,631610107963176.4
298,59082.327175899874,ZTF,g,Palomar/ZTF.g,313.0970835207389,17.6118427597253,17.660802444473752,0.0610731186049981,4746.4797383749,631610107963176.4
299,59088.3115393999,ZTF,g,Palomar/ZTF.g,284.27148985593186,6.351266750315449,17.765666735922714,0.0242577975736813,4746.4797383749,631610107963176.4
300,59088.31200229982,ZTF,g,Palomar/ZTF.g,261.4526258651174,6.870351412382019,17.856517480082047,0.0285305578521234,4746.4797383749,631610107963176.4
301,59089.298240699805,ZTF,g,Palomar/ZTF.g,271.4858796709432,7.742501111879792,17.8156318842529,0.0309640920652555,4746.4797383749,631610107963176.4
302,59089.29870369984,ZTF,g,Palomar/ZTF.g,277.55804424706605,7.07541424478835,17.791615453333584,0.0276772140763105,4746.4797383749,631610107963176.4
303,59090.29752309993,ZTF,g,Palomar/ZTF.g,289.3894386452662,6.654489841836807,17.746293306589262,0.0249664278672376,4746.4797383749,631610107963176.4
304,59090.29799770005,ZTF,g,Palomar/ZTF.g,285.4458830045838,7.26445902811001,17.761190541139527,0.0276314588663184,4746.4797383749,631610107963176.4
305,59091.246423599776,ZTF,g,Palomar/ZTF.g,284.6108352293726,6.949768356947325,17.764371425503263,0.0265120444685073,4746.4797383749,631610107963176.4
306,59091.24688659981,ZTF,g,Palomar/ZTF.g,281.8153112007744,6.817432147635807,17.775088537742253,0.0262651907542979,4746.4797383749,631610107963176.4
307,59092.28122689994,ZTF,g,Palomar/ZTF.g,276.23196705331026,8.248753832744079,17.7968151598722,0.032421919794023,4746.4797383749,631610107963176.4
308,59092.28309029993,ZTF,g,Palomar/ZTF.g,262.72028355067295,8.10885109587979,17.851265989579673,0.0335112047490281,4746.4797383749,631610107963176.4
309,59117.26006940007,ZTF,g,Palomar/ZTF.g,225.9637289734782,5.093155691773688,18.014903167295884,0.0244721732826319,4746.4797383749,631610107963176.4
310,59117.260532400105,ZTF,g,Palomar/ZTF.g,224.74348298379272,4.923229967748494,18.02078223224838,0.0237841335791713,4746.4797383749,631610107963176.4
311,59119.25770829991,ZTF,g,Palomar/ZTF.g,200.58563240086124,7.0496612002428645,18.144250444895317,0.0381586273392005,4746.4797383749,631610107963176.4
312,59119.25817129994,ZTF,g,Palomar/ZTF.g,201.32361979518,6.206662221765211,18.14026317399368,0.0334724653358153,4746.4797383749,631610107963176.4
313,59120.24703700002,ZTF,g,Palomar/ZTF.g,206.14820389989745,8.184168317425948,18.11455111177045,0.0431041730170912,4746.4797383749,631610107963176.4
314,59120.247500000056,ZTF,g,Palomar/ZTF.g,200.882333389593,7.159431508528401,18.142645639074917,0.038695558056964,4746.4797383749,631610107963176.4
315,59013.45802079979,ZTF,r,Palomar/ZTF.r,2014.544712777866,9.527338084209951,15.639557722529169,0.0051347462418613,6366.3845902697,470899069556996.06
316,59038.39630790008,ZTF,r,Palomar/ZTF.r,1904.2323830808589,9.678241505972956,15.700700133929017,0.0055182430961639,6366.3845902697,470899069556996.06
317,59061.2974537001,ZTF,r,Palomar/ZTF.r,1862.351695459958,9.263010752458548,15.724845753372405,0.0054002614884855,6366.3845902697,470899069556996.06
318,59063.29856480006,ZTF,r,Palomar/ZTF.r,1810.081318679833,10.58679040314624,15.75575478456652,0.0063502459885422,6366.3845902697,470899069556996.06
319,59064.33085650019,ZTF,r,Palomar/ZTF.r,1779.680028222666,11.66455041437094,15.774145183088187,0.0071162369056627,6366.3845902697,470899069556996.06
320,59065.3114120001,ZTF,r,Palomar/ZTF.r,1797.6743037119,11.820442153153538,15.763222473544598,0.0071391586203508,6366.3845902697,470899069556996.06
321,59068.39365739981,ZTF,r,Palomar/ZTF.r,1871.260152816948,9.382034993945089,15.719664575773312,0.00544361245116,6366.3845902697,470899069556996.06
322,59068.39412039984,ZTF,r,Palomar/ZTF.r,1861.7935934370405,9.365687760457211,15.725171171168844,0.0054617581239047,6366.3845902697,470899069556996.06
323,59092.22844910016,ZTF,r,Palomar/ZTF.r,1746.01571024426,9.727253023611109,15.794879632329708,0.006048760454223,6366.3845902697,470899069556996.06
324,59092.22891200008,ZTF,r,Palomar/ZTF.r,1739.6420419443402,9.691107759246927,15.798850263203398,0.0060483629992448,6366.3845902697,470899069556996.06
325,59096.32651619986,ZTF,r,Palomar/ZTF.r,1723.4856654074324,9.651251163887608,15.808980810898776,0.0060799535616501,6366.3845902697,470899069556996.06
326,59096.32699069986,ZTF,r,Palomar/ZTF.r,1723.3570633664244,10.02134164454806,15.80906182874785,0.0063135688331947,6366.3845902697,470899069556996.06
327,59122.22084489977,ZTF,r,Palomar/ZTF.r,1614.3053975224502,10.933862492970777,15.880035752857426,0.0073538070210784,6366.3845902697,470899069556996.06
328,59122.2213078998,ZTF,r,Palomar/ZTF.r,1651.3136141435302,10.812230342488178,15.855426096434682,0.0071090251036975,6366.3845902697,470899069556996.06
329,59124.30004630005,ZTF,r,Palomar/ZTF.r,1674.1969727229896,11.060084215737543,15.84048361924062,0.0071725932231076,6366.3845902697,470899069556996.06
330,59124.30050930008,ZTF,r,Palomar/ZTF.r,1677.7018311269046,10.918570483087782,15.83821305364707,0.0070660275012808,6366.3845902697,470899069556996.06
331,59146.18706020014,ZTF,r,Palomar/ZTF.r,1637.9352854391288,10.857066753426844,15.8642581528552,0.0071968108608827,6366.3845902697,470899069556996.06
332,59146.18752310006,ZTF,r,Palomar/ZTF.r,1578.72710984378,11.132551061755338,15.904232333198586,0.0076561767158495,6366.3845902697,470899069556996.06
333,59149.216886600014,ZTF,r,Palomar/ZTF.r,1364.248136360415,13.687454532579936,16.06276657703767,0.0108931539218733,6366.3845902697,470899069556996.06
334,59149.21734949993,ZTF,r,Palomar/ZTF.r,1412.945877875189,13.42103323498132,16.024686183118025,0.0103129935241359,6366.3845902697,470899069556996.06
335,59150.25831020018,ZTF,r,Palomar/ZTF.r,1406.0199648114874,11.706235389352615,16.030021281245855,0.0090396181432211,6366.3845902697,470899069556996.06
336,59150.2587731001,ZTF,r,Palomar/ZTF.r,1466.6646303901591,10.300185547514486,15.984172952988684,0.0076249771985624,6366.3845902697,470899069556996.06
337,59151.08111110004,ZTF,r,Palomar/ZTF.r,1511.461187500939,9.665237756138607,15.951507501252776,0.0069428832484846,6366.3845902697,470899069556996.06
338,59151.08157410007,ZTF,r,Palomar/ZTF.r,1489.2780578404902,9.516805362820746,15.967560522725282,0.0069380865995123,6366.3845902697,470899069556996.06
339,59013.45802079979,ZTF,i,Palomar/ZTF.i,2014.544712777866,9.527338084209951,15.639557722529169,0.0051347462418613,7829.026403243,382924315947916.2
340,59038.39630790008,ZTF,i,Palomar/ZTF.i,1904.2323830808589,9.678241505972956,15.700700133929017,0.0055182430961639,7829.026403243,382924315947916.2
341,59061.2974537001,ZTF,i,Palomar/ZTF.i,1862.351695459958,9.263010752458548,15.724845753372405,0.0054002614884855,7829.026403243,382924315947916.2
342,59063.29856480006,ZTF,i,Palomar/ZTF.i,1810.081318679833,10.58679040314624,15.75575478456652,0.0063502459885422,7829.026403243,382924315947916.2
343,59064.33085650019,ZTF,i,Palomar/ZTF.i,1779.680028222666,11.66455041437094,15.774145183088187,0.0071162369056627,7829.026403243,382924315947916.2
344,59065.3114120001,ZTF,i,Palomar/ZTF.i,1797.6743037119,11.820442153153538,15.763222473544598,0.0071391586203508,7829.026403243,382924315947916.2
345,59068.39365739981,ZTF,i,Palomar/ZTF.i,1871.260152816948,9.382034993945089,15.719664575773312,0.00544361245116,7829.026403243,382924315947916.2
346,59068.39412039984,ZTF,i,Palomar/ZTF.i,1861.7935934370405,9.365687760457211,15.725171171168844,0.0054617581239047,7829.026403243,382924315947916.2
347,59092.22844910016,ZTF,i,Palomar/ZTF.i,1746.01571024426,9.727253023611109,15.794879632329708,0.006048760454223,7829.026403243,382924315947916.2
348,59092.22891200008,ZTF,i,Palomar/ZTF.i,1739.6420419443402,9.691107759246927,15.798850263203398,0.0060483629992448,7829.026403243,382924315947916.2
349,59096.32651619986,ZTF,i,Palomar/ZTF.i,1723.4856654074324,9.651251163887608,15.808980810898776,0.0060799535616501,7829.026403243,382924315947916.2
350,59096.32699069986,ZTF,i,Palomar/ZTF.i,1723.3570633664244,10.02134164454806,15.80906182874785,0.0063135688331947,7829.026403243,382924315947916.2
351,59122.22084489977,ZTF,i,Palomar/ZTF.i,1614.3053975224502,10.933862492970777,15.880035752857426,0.0073538070210784,7829.026403243,382924315947916.2
352,59122.2213078998,ZTF,i,Palomar/ZTF.i,1651.3136141435302,10.812230342488178,15.855426096434682,0.0071090251036975,7829.026403243,382924315947916.2
353,59124.30004630005,ZTF,i,Palomar/ZTF.i,1674.1969727229896,11.060084215737543,15.84048361924062,0.0071725932231076,7829.026403243,382924315947916.2
354,59124.30050930008,ZTF,i,Palomar/ZTF.i,1677.7018311269046,10.918570483087782,15.83821305364707,0.0070660275012808,7829.026403243,382924315947916.2
355,59146.18706020014,ZTF,i,Palomar/ZTF.i,1637.9352854391288,10.857066753426844,15.8642581528552,0.0071968108608827,7829.026403243,382924315947916.2
356,59146.18752310006,ZTF,i,Palomar/ZTF.i,1578.72710984378,11.132551061755338,15.904232333198586,0.0076561767158495,7829.026403243,382924315947916.2
357,59149.216886600014,ZTF,i,Palomar/ZTF.i,1364.248136360415,13.687454532579936,16.06276657703767,0.0108931539218733,7829.026403243,382924315947916.2
358,59149.21734949993,ZTF,i,Palomar/ZTF.i,1412.945877875189,13.42103323498132,16.024686183118025,0.0103129935241359,7829.026403243,382924315947916.2
359,59150.25831020018,ZTF,i,Palomar/ZTF.i,1406.0199648114874,11.706235389352615,16.030021281245855,0.0090396181432211,7829.026403243,382924315947916.2
360,59150.2587731001,ZTF,i,Palomar/ZTF.i,1466.6646303901591,10.300185547514486,15.984172952988684,0.0076249771985624,7829.026403243,382924315947916.2
361,59151.08111110004,ZTF,i,Palomar/ZTF.i,1511.461187500939,9.665237756138607,15.951507501252776,0.0069428832484846,7829.026403243,382924315947916.2
362,59151.08157410007,ZTF,i,Palomar/ZTF.i,1489.2780578404902,9.516805362820746,15.967560522725282,0.0069380865995123,7829.026403243,382924315947916.2
363,58820.0653,Swift,B,Swift/UVOT.B_trn,3292.077420060167,154.6378832052219,15.1063249,0.051,4345.9627250637,689818291056801.1
364,58821.4641,Swift,B,Swift/UVOT.B_trn,3543.806823271023,156.67040186331732,15.0263249,0.048,4345.9627250637,689818291056801.1
365,58822.4939,Swift,B,Swift/UVOT.B_trn,3717.663178533459,164.35652766074892,14.9743249,0.048,4345.9627250637,689818291056801.1
366,58823.8877,Swift,B,Swift/UVOT.B_trn,3765.9108951250455,166.48954154224887,14.9603249,0.048,4345.9627250637,689818291056801.1
367,58827.1406,Swift,B,Swift/UVOT.B_trn,3939.762480787386,170.54680113412758,14.9113249,0.047,4345.9627250637,689818291056801.1
368,58829.5625,Swift,B,Swift/UVOT.B_trn,4311.9134998503605,182.68527854544817,14.8133249,0.046,4345.9627250637,689818291056801.1
369,58831.5553,Swift,B,Swift/UVOT.B_trn,4068.8346380239855,176.13415408739084,14.8763249,0.047,4345.9627250637,689818291056801.1
370,58833.3388,Swift,B,Swift/UVOT.B_trn,4129.239185122674,182.5521521869507,14.8603249,0.048,4345.9627250637,689818291056801.1
371,58835.768,Swift,B,Swift/UVOT.B_trn,4331.816388264253,191.50801615112792,14.8083249,0.048,4345.9627250637,689818291056801.1
372,58839.0815,Swift,B,Swift/UVOT.B_trn,4432.71735395773,191.88612733276673,14.7833249,0.047,4345.9627250637,689818291056801.1
373,58842.7051,Swift,B,Swift/UVOT.B_trn,4009.313718428234,173.55757682236035,14.8923249,0.047,4345.9627250637,689818291056801.1
374,58845.4567,Swift,B,Swift/UVOT.B_trn,3752.062292395913,169.3330769681356,14.9643249,0.049,4345.9627250637,689818291056801.1
375,58848.2047,Swift,B,Swift/UVOT.B_trn,3914.443599516628,173.05611800856855,14.9183249,0.048,4345.9627250637,689818291056801.1
376,58851.8549,Swift,B,Swift/UVOT.B_trn,3714.2406605769033,164.20521939526537,14.9753249,0.048,4345.9627250637,689818291056801.1
377,58820.0366,Swift,V,Swift/UVOT.V_trn,3159.046219174567,189.12329104111456,15.151110050000002,0.065,5412.3842111541,553900917422258.0
378,58821.4677,Swift,V,Swift/UVOT.V_trn,3384.9790099834245,190.1785338870481,15.07611005,0.061,5412.3842111541,553900917422258.0
379,58822.5001,Swift,V,Swift/UVOT.V_trn,3495.8756808233034,199.6288704946789,15.04111005,0.062,5412.3842111541,553900917422258.0
380,58823.8939,Swift,V,Swift/UVOT.V_trn,3725.2547744658905,209.2962731154774,14.97211005,0.061,5412.3842111541,553900917422258.0
381,58827.1468,Swift,V,Swift/UVOT.V_trn,4376.792726046786,241.8705044668825,14.79711005,0.06,5412.3842111541,553900917422258.0
382,58829.5659,Swift,V,Swift/UVOT.V_trn,4445.862020185855,241.5926244712449,14.78011005,0.059,5412.3842111541,553900917422258.0
383,58831.559,Swift,V,Swift/UVOT.V_trn,4715.8065355854615,251.9182632625652,14.71611005,0.058,5412.3842111541,553900917422258.0
384,58833.3428,Swift,V,Swift/UVOT.V_trn,4524.3477683476585,237.52346257373495,14.76111005,0.057,5412.3842111541,553900917422258.0
385,58835.7714,Swift,V,Swift/UVOT.V_trn,4892.78328417022,288.41087624654847,14.67611005,0.064,5412.3842111541,553900917422258.0
386,58839.0874,Swift,V,Swift/UVOT.V_trn,5081.079382335098,276.1109763531869,14.635110050000002,0.059,5412.3842111541,553900917422258.0
387,58842.7087,Swift,V,Swift/UVOT.V_trn,4956.281672782127,260.1995347585521,14.66211005,0.057,5412.3842111541,553900917422258.0
388,58848.2085,Swift,V,Swift/UVOT.V_trn,4608.461673400783,246.18390349872337,14.74111005,0.058,5412.3842111541,553900917422258.0
389,58851.8587,Swift,V,Swift/UVOT.V_trn,4474.618151108042,239.0339859967015,14.77311005,0.058,5412.3842111541,553900917422258.0
390,58820.0643,Swift,U,Swift/UVOT.U_trn,3373.67435607278,139.82710105637048,15.0797421,0.045,3523.7756581698,850770557157739.2
391,58821.4635,Swift,U,Swift/UVOT.U_trn,3685.5572351641504,149.3590410235497,14.9837421,0.044,3523.7756581698,850770557157739.2
392,58822.4928,Swift,U,Swift/UVOT.U_trn,3740.2717751741866,151.57637498541928,14.9677421,0.044,3523.7756581698,850770557157739.2
393,58823.8866,Swift,U,Swift/UVOT.U_trn,3949.1457280365175,160.04109586850888,14.9087421,0.044,3523.7756581698,850770557157739.2
394,58827.1395,Swift,U,Swift/UVOT.U_trn,3887.793237417302,157.55475565491446,14.9257421,0.044,3523.7756581698,850770557157739.2
395,58829.5619,Swift,U,Swift/UVOT.U_trn,3820.3500662552983,154.82158758137749,14.9447421,0.044,3523.7756581698,850770557157739.2
396,58831.5547,Swift,U,Swift/UVOT.U_trn,3795.7985887964624,153.82662673964205,14.9517421,0.044,3523.7756581698,850770557157739.2
397,58833.3381,Swift,U,Swift/UVOT.U_trn,3471.3880171905944,143.876993406862,15.0487421,0.045,3523.7756581698,850770557157739.2
398,58835.7673,Swift,U,Swift/UVOT.U_trn,3439.562140550405,145.72587500714818,15.0587421,0.046,3523.7756581698,850770557157739.2
399,58839.0804,Swift,U,Swift/UVOT.U_trn,3128.262293939727,132.5368583000179,15.1617421,0.046,3523.7756581698,850770557157739.2
400,58842.7045,Swift,U,Swift/UVOT.U_trn,3040.2070376088436,126.00603727944684,15.1927421,0.045,3523.7756581698,850770557157739.2
401,58845.4558,Swift,U,Swift/UVOT.U_trn,2702.1108417622972,116.97059470455784,15.3207421,0.047,3523.7756581698,850770557157739.2
402,58848.204,Swift,U,Swift/UVOT.U_trn,2643.0364955876257,111.97902240361894,15.3447421,0.046,3523.7756581698,850770557157739.2
403,58851.8543,Swift,U,Swift/UVOT.U_trn,2457.554512731693,106.38409366124138,15.4237421,0.047,3523.7756581698,850770557157739.2
404,58820.0629,Swift,UVW1,Swift/UVOT.UVW1_trn,3010.0653192050777,124.75676759291956,15.2035602,0.045,2715.6802141471,1103931370263174.8
405,58821.4624,Swift,UVW1,Swift/UVOT.UVW1_trn,3105.8174092059407,128.7253596239818,15.1695602,0.045,2715.6802141471,1103931370263174.8
406,58822.4907,Swift,UVW1,Swift/UVOT.UVW1_trn,3117.280766713753,129.2004760340185,15.1655602,0.045,2715.6802141471,1103931370263174.8
407,58823.8845,Swift,UVW1,Swift/UVOT.UVW1_trn,2987.9678483659836,126.59292415827132,15.2115602,0.046,2715.6802141471,1103931370263174.8
408,58827.1375,Swift,UVW1,Swift/UVOT.UVW1_trn,2824.723350259279,119.67665215776157,15.2725602,0.046,2715.6802141471,1103931370263174.8
409,58829.5607,Swift,UVW1,Swift/UVOT.UVW1_trn,2624.073044343279,113.59244772684796,15.3525602,0.047,2715.6802141471,1103931370263174.8
410,58831.5532,Swift,UVW1,Swift/UVOT.UVW1_trn,2529.157760247362,109.48369798362478,15.3925602,0.047,2715.6802141471,1103931370263174.8
411,58833.3364,Swift,UVW1,Swift/UVOT.UVW1_trn,2343.019591344681,103.58403808556668,15.4755602,0.048,2715.6802141471,1103931370263174.8
412,58835.7662,Swift,UVW1,Swift/UVOT.UVW1_trn,2237.566338637147,107.1654874353682,15.5255602,0.052,2715.6802141471,1103931370263174.8
413,58839.0784,Swift,UVW1,Swift/UVOT.UVW1_trn,1669.4596237139965,84.56960254422455,15.8435602,0.055,2715.6802141471,1103931370263174.8
414,58842.7032,Swift,UVW1,Swift/UVOT.UVW1_trn,1573.8955954397247,78.27901637735155,15.9075602,0.054,2715.6802141471,1103931370263174.8
415,58845.4541,Swift,UVW1,Swift/UVOT.UVW1_trn,1380.9435311828586,71.22617575736788,16.049560200000002,0.056,2715.6802141471,1103931370263174.8
416,58848.2026,Swift,UVW1,Swift/UVOT.UVW1_trn,1250.189709965961,63.33070017080776,16.1575602,0.055,2715.6802141471,1103931370263174.8
417,58851.853,Swift,UVW1,Swift/UVOT.UVW1_trn,1121.4396833190542,56.8086265450532,16.2755602,0.055,2715.6802141471,1103931370263174.8
418,58820.0669,Swift,UVW2,Swift/UVOT.UVW2_trn,2342.9839846021473,97.10855992923652,15.4755767,0.045,2075.6885881571,1444303638370776.5
419,58821.4661,Swift,UVW2,Swift/UVOT.UVW2_trn,2281.2312907496535,94.54912494753091,15.5045767,0.045,2075.6885881571,1444303638370776.5
420,58822.497,Swift,UVW2,Swift/UVOT.UVW2_trn,2225.2013769018427,94.27636555629776,15.5315767,0.046,2075.6885881571,1444303638370776.5
421,58823.8908,Swift,UVW2,Swift/UVOT.UVW2_trn,2164.5584617259497,91.70707286267104,15.5615767,0.046,2075.6885881571,1444303638370776.5
422,58827.1437,Swift,UVW2,Swift/UVOT.UVW2_trn,1885.2516084946449,81.60990230494096,15.7115767,0.047,2075.6885881571,1444303638370776.5
423,58829.5641,Swift,UVW2,Swift/UVOT.UVW2_trn,1680.2322646890036,74.2824530964581,15.8365767,0.048,2075.6885881571,1444303638370776.5
424,58831.5566,Swift,UVW2,Swift/UVOT.UVW2_trn,1565.1981286978792,70.6384368229495,15.9135767,0.049,2075.6885881571,1444303638370776.5
425,58833.34,Swift,UVW2,Swift/UVOT.UVW2_trn,1422.228312657428,65.49603423118138,16.0175767,0.05,2075.6885881571,1444303638370776.5
426,58835.7697,Swift,UVW2,Swift/UVOT.UVW2_trn,1244.426698244343,65.33108271518792,16.1625767,0.057,2075.6885881571,1444303638370776.5
427,58839.0845,Swift,UVW2,Swift/UVOT.UVW2_trn,1024.6353146280364,54.73599202825252,16.3735767,0.058,2075.6885881571,1444303638370776.5
428,58842.7068,Swift,UVW2,Swift/UVOT.UVW2_trn,842.8869307411745,45.0269980578559,16.5855767,0.058,2075.6885881571,1444303638370776.5
429,58845.4592,Swift,UVW2,Swift/UVOT.UVW2_trn,740.9165912639664,41.62697335599147,16.7255767,0.061,2075.6885881571,1444303638370776.5
430,58848.2061,Swift,UVW2,Swift/UVOT.UVW2_trn,630.0417367601641,34.23710318026157,16.9015767,0.059,2075.6885881571,1444303638370776.5
431,58851.8567,Swift,UVW2,Swift/UVOT.UVW2_trn,535.7588084005282,29.607125895919424,17.077576699999998,0.06,2075.6885881571,1444303638370776.5
432,58820.0432,Swift,UVM2,Swift/UVOT.UVM2_trn,2548.409691396331,107.9699150590138,15.38432688,0.046,2246.5638855614,1334448843973488.8
433,58821.4709,Swift,UVM2,Swift/UVOT.UVM2_trn,2497.2915519341886,108.10425444646025,15.40632688,0.047,2246.5638855614,1334448843973488.8
434,58822.5049,Swift,UVM2,Swift/UVOT.UVM2_trn,2465.297004426368,108.9898777381446,15.42032688,0.048,2246.5638855614,1334448843973488.8
435,58823.8986,Swift,UVM2,Swift/UVOT.UVM2_trn,2363.030069204982,104.46869398364312,15.46632688,0.048,2246.5638855614,1334448843973488.8
436,58827.1515,Swift,UVM2,Swift/UVOT.UVM2_trn,1974.555057998876,96.38751808709718,15.66132688,0.053,2246.5638855614,1334448843973488.8
437,58829.5684,Swift,UVM2,Swift/UVOT.UVM2_trn,1776.1074992678866,86.70033940902638,15.77632688,0.053,2246.5638855614,1334448843973488.8
438,58831.5608,Swift,UVM2,Swift/UVOT.UVM2_trn,1666.745333977519,81.3618467484812,15.84532688,0.053,2246.5638855614,1334448843973488.8
439,58833.3446,Swift,UVM2,Swift/UVOT.UVM2_trn,1532.7426703962258,74.82053299410501,15.93632688,0.053,2246.5638855614,1334448843973488.8
440,58835.7741,Swift,UVM2,Swift/UVOT.UVM2_trn,1462.4103363364518,75.42806298246741,15.98732688,0.056,2246.5638855614,1334448843973488.8
441,58839.0919,Swift,UVM2,Swift/UVOT.UVM2_trn,1196.380285732242,60.6048830525384,16.20532688,0.055,2246.5638855614,1334448843973488.8
442,58842.7112,Swift,UVM2,Swift/UVOT.UVM2_trn,933.833066524306,47.30506216312325,16.47432688,0.055,2246.5638855614,1334448843973488.8
443,58848.2105,Swift,UVM2,Swift/UVOT.UVM2_trn,741.0870903946466,38.2237203477482,16.72532688,0.056,2246.5638855614,1334448843973488.8
444,58851.8615,Swift,UVM2,Swift/UVOT.UVM2_trn,686.5453784573184,35.410573051835016,16.80832688,0.056,2246.5638855614,1334448843973488.8
445,58819.580000000075,Gaia,G,GAIA/GAIA3.G,2964.8313895243423,13.653553121519147,15.22,0.005,5822.3887136979,514895986409668.25
446,58819.64999999991,Gaia,G,GAIA/GAIA3.G,2964.8313895243423,13.653553121519147,15.22,0.005,5822.3887136979,514895986409668.25
447,58853.39999999991,Gaia,G,GAIA/GAIA3.G,4655.860935229592,21.44103196902595,14.73,0.005,5822.3887136979,514895986409668.25
448,58877.75999999978,Gaia,G,GAIA/GAIA3.G,3944.573020752785,18.16543007162371,14.91,0.005,5822.3887136979,514895986409668.25
449,58914.52000000002,Gaia,G,GAIA/GAIA3.G,2831.3919957993817,13.039042003900637,15.27,0.005,5822.3887136979,514895986409668.25
450,58936.87999999989,Gaia,G,GAIA/GAIA3.G,2376.840286624876,10.945754024820271,15.46,0.005,5822.3887136979,514895986409668.25
451,59000.689999999944,Gaia,G,GAIA/GAIA3.G,1570.3628043335532,7.23178796770153,15.91,0.005,5822.3887136979,514895986409668.25
452,59000.75999999978,Gaia,G,GAIA/GAIA3.G,1555.965631605075,7.165486537089823,15.92,0.005,5822.3887136979,514895986409668.25
453,59036.330000000075,Gaia,G,GAIA/GAIA3.G,1330.4544179780914,6.126969019488847,16.09,0.005,5822.3887136979,514895986409668.25
454,59036.50999999978,Gaia,G,GAIA/GAIA3.G,1306.1708881318432,6.015139231830352,16.11,0.005,5822.3887136979,514895986409668.25
455,59111.25999999978,Gaia,G,GAIA/GAIA3.G,1047.1285480508986,4.822205170380998,16.35,0.005,5822.3887136979,514895986409668.25
456,59111.439999999944,Gaia,G,GAIA/GAIA3.G,1056.8175092136585,4.866824485460937,16.34,0.005,5822.3887136979,514895986409668.25
457,59148.970000000205,Gaia,G,GAIA/GAIA3.G,912.0108393559096,4.19996512669981,16.5,0.005,5822.3887136979,514895986409668.25
458,59173.14000000013,Gaia,G,GAIA/GAIA3.G,831.76377110267,3.83041372046704,16.6,0.005,5822.3887136979,514895986409668.25
459,59173.220000000205,Gaia,G,GAIA/GAIA3.G,824.138115013003,3.795296276394307,16.61,0.005,5822.3887136979,514895986409668.25
460,59207.439999999944,Gaia,G,GAIA/GAIA3.G,654.6361740672753,3.014710991483928,16.86,0.005,5822.3887136979,514895986409668.25
461,59236.85000000009,Gaia,G,GAIA/GAIA3.G,539.5106225151279,2.4845382338305426,17.07,0.005,5822.3887136979,514895986409668.25
462,59268.08999999985,Gaia,G,GAIA/GAIA3.G,409.2606597300105,1.884714988486462,17.37,0.005,5822.3887136979,514895986409668.25
463,59268.16000000015,Gaia,G,GAIA/GAIA3.G,394.4573020752785,1.8165430071623712,17.41,0.005,5822.3887136979,514895986409668.25
464,59301.81999999983,Gaia,G,GAIA/GAIA3.G,310.4559588128352,1.4297025255872162,17.67,0.005,5822.3887136979,514895986409668.25
465,59301.89999999991,Gaia,G,GAIA/GAIA3.G,299.2264636608189,1.3779887893094525,17.71,0.005,5822.3887136979,514895986409668.25
466,59333.87999999989,Gaia,G,GAIA/GAIA3.G,224.90546058357828,1.0357279217454147,18.02,0.005,5822.3887136979,514895986409668.25
467,59365.62000000011,Gaia,G,GAIA/GAIA3.G,159.9558028614668,0.7366236944134158,18.39,0.005,5822.3887136979,514895986409668.25
468,59401.60000000009,Gaia,G,GAIA/GAIA3.G,118.0320635651731,0.5435577401209866,18.72,0.005,5822.3887136979,514895986409668.25
469,59427.58999999985,Gaia,G,GAIA/GAIA3.G,83.94599865193982,0.3865856102249098,19.09,0.005,5822.3887136979,514895986409668.25
470,59427.77000000002,Gaia,G,GAIA/GAIA3.G,91.20108393559096,0.419996512669981,19.0,0.005,5822.3887136979,514895986409668.25
471,59465.97999999998,Gaia,G,GAIA/GAIA3.G,60.25595860743581,0.2774889441070959,19.45,0.005,5822.3887136979,514895986409668.25
472,59525.939999999944,Gaia,G,GAIA/GAIA3.G,34.673685045253166,0.159678220608741,20.05,0.005,5822.3887136979,514895986409668.25
473,59526.02000000002,Gaia,G,GAIA/GAIA3.G,34.04081897010009,0.1567637646277228,20.07,0.005,5822.3887136979,514895986409668.25
474,59550.93000000017,Gaia,G,GAIA/GAIA3.G,30.47894989627983,0.1403607513625727,20.19,0.005,5822.3887136979,514895986409668.25
475,59551.00999999978,Gaia,G,GAIA/GAIA3.G,29.92264636608189,0.1377988789309452,20.21,0.005,5822.3887136979,514895986409668.25
476,59584.47999999998,Gaia,G,GAIA/GAIA3.G,23.120647901755987,0.1064745183978948,20.49,0.005,5822.3887136979,514895986409668.25
477,59614.970000000205,Gaia,G,GAIA/GAIA3.G,19.054607179632484,0.0877497088893581,20.7,0.005,5822.3887136979,514895986409668.25
478,58820.86,Konkoly,B,Generic/Johnson.B,2504.494025429838,200.14339032162405,15.4032,0.0867652,4369.5312126406,686097531773503.8
479,58820.86,Konkoly,V,Generic/Johnson.V,3181.5591365275573,155.00125972090734,15.1434,0.0528956,5467.5739972259,548309832024416.4
480,58820.86,Konkoly,g,SLOAN/SDSS.g,3109.138008886757,106.8706568841955,15.1684,0.0373201,4671.7822137652,641708975895055.1
481,58820.86,Konkoly,r,SLOAN/SDSS.r,3084.0399842703655,85.92416417482126,15.1772,0.0302496,6141.1230039377,488172045744357.4
482,58820.86,Konkoly,i,SLOAN/SDSS.i,2613.6052870466297,91.87080734842895,15.3569,0.0381647,7457.889035897,401980314479085.5
483,58820.86,Konkoly,z,SLOAN/SDSS.z,2363.741608116297,169.75897110883426,15.466,0.0779753,8922.7797236408,335985496992269.56
484,58822.86,Konkoly,B,Generic/Johnson.B,2713.6885361802565,195.419799525826,15.3161,0.0781867,4369.5312126406,686097531773503.8
485,58822.86,Konkoly,V,Generic/Johnson.V,3444.4509131173077,131.2686373338289,15.0572,0.0413776,5467.5739972259,548309832024416.4
486,58822.86,Konkoly,g,SLOAN/SDSS.g,3449.5305854876506,110.23324336377324,15.0556,0.0346958,4671.7822137652,641708975895055.1
487,58822.86,Konkoly,r,SLOAN/SDSS.r,3380.0256809707757,66.08590636135972,15.0777,0.0212282,6141.1230039377,488172045744357.4
488,58822.86,Konkoly,i,SLOAN/SDSS.i,2931.4331854667807,72.44532146119748,15.2323,0.0268321,7457.889035897,401980314479085.5
489,58822.86,Konkoly,z,SLOAN/SDSS.z,2503.3409288388298,162.37718285273576,15.4037,0.0704254,8922.7797236408,335985496992269.56
490,58823.9,Konkoly,B,Generic/Johnson.B,2836.873693003285,462.1804769290713,15.2679,0.176887,4369.5312126406,686097531773503.8
491,58823.9,Konkoly,V,Generic/Johnson.V,3354.285308326896,290.4914407548504,15.086,0.0940281,5467.5739972259,548309832024416.4
492,58823.9,Konkoly,g,SLOAN/SDSS.g,3455.5724271054955,233.06815325512667,15.0537,0.0732297,4671.7822137652,641708975895055.1
493,58823.9,Konkoly,r,SLOAN/SDSS.r,3455.2541717795775,243.8302729742879,15.0538,0.0766182,6141.1230039377,488172045744357.4
494,58823.9,Konkoly,i,SLOAN/SDSS.i,3139.641059129555,218.07704822956177,15.1578,0.0754144,7457.889035897,401980314479085.5
495,58823.9,Konkoly,z,SLOAN/SDSS.z,2588.9281636208807,346.55476244341446,15.3672,0.145337,8922.7797236408,335985496992269.56
496,58899.88,Konkoly,B,Generic/Johnson.B,1536.5970673979673,125.31375431442784,15.9336,0.0885448,4369.5312126406,686097531773503.8
497,58899.88,Konkoly,V,Generic/Johnson.V,2850.755691109679,144.58707205404042,15.2626,0.0550673,5467.5739972259,548309832024416.4
498,58899.88,Konkoly,g,SLOAN/SDSS.g,2348.334724476873,129.0535282799894,15.4731,0.059667,4671.7822137652,641708975895055.1
499,58899.88,Konkoly,r,SLOAN/SDSS.r,3633.122153190548,128.05717851477343,14.9993,0.0382691,6141.1230039377,488172045744357.4
500,58899.88,Konkoly,i,SLOAN/SDSS.i,3842.023350264851,162.5443346204435,14.9386,0.0459342,7457.889035897,401980314479085.5
501,58899.88,Konkoly,z,SLOAN/SDSS.z,4404.737177756723,835.606399845383,14.7902,0.205971,8922.7797236408,335985496992269.56
502,58922.94,Konkoly,B,Generic/Johnson.B,1224.954619978053,101.141526232689,16.1797,0.0896466,4369.5312126406,686097531773503.8
503,58922.94,Konkoly,V,Generic/Johnson.V,2289.1803008212128,94.48156968216996,15.5008,0.0448117,5467.5739972259,548309832024416.4
504,58922.94,Konkoly,g,SLOAN/SDSS.g,1922.3833662278073,95.20800945244606,15.6904,0.0537722,4671.7822137652,641708975895055.1
505,58922.94,Konkoly,r,SLOAN/SDSS.r,3090.010818892899,88.52100545723978,15.1751,0.0311036,6141.1230039377,488172045744357.4
506,58922.94,Konkoly,i,SLOAN/SDSS.i,3231.171428887789,158.98160624009464,15.1266,0.0534209,7457.889035897,401980314479085.5
507,58922.94,Konkoly,z,SLOAN/SDSS.z,3567.467291873441,242.04082211681515,15.0191,0.0736636,8922.7797236408,335985496992269.56
508,58940.0,Konkoly,B,Generic/Johnson.B,996.5979741107903,73.34879885519918,16.4037,0.0799093,4369.5312126406,686097531773503.8
509,58940.0,Konkoly,V,Generic/Johnson.V,1861.915639997393,75.15152274928764,15.7251,0.043823,5467.5739972259,548309832024416.4
510,58940.0,Konkoly,g,SLOAN/SDSS.g,1563.1476426409554,52.47837293547873,15.915,0.0364506,4671.7822137652,641708975895055.1
511,58940.0,Konkoly,r,SLOAN/SDSS.r,2671.283613167823,68.75773326879501,15.3332,0.0279464,6141.1230039377,488172045744357.4
512,58940.0,Konkoly,i,SLOAN/SDSS.i,2693.0226120856696,61.65766942709844,15.3244,0.0248583,7457.889035897,401980314479085.5
513,58940.0,Konkoly,z,SLOAN/SDSS.z,3066.196616010738,128.15014935695902,15.1835,0.0453778,8922.7797236408,335985496992269.56
514,58945.97,Konkoly,B,Generic/Johnson.B,952.796164023652,65.60050934583037,16.4525,0.0747535,4369.5312126406,686097531773503.8
515,58945.97,Konkoly,V,Generic/Johnson.V,1740.8445812572766,60.63860004245692,15.7981,0.0378193,5467.5739972259,548309832024416.4
516,58945.97,Konkoly,g,SLOAN/SDSS.g,1427.18410439464,60.39152212044024,16.0138,0.0459431,4671.7822137652,641708975895055.1
517,58945.97,Konkoly,r,SLOAN/SDSS.r,2551.7610259626326,60.43196846244185,15.3829,0.0257129,6141.1230039377,488172045744357.4
518,58945.97,Konkoly,i,SLOAN/SDSS.i,2545.8921384628206,56.24201020567016,15.3854,0.0239853,7457.889035897,401980314479085.5
519,58945.97,Konkoly,z,SLOAN/SDSS.z,3015.7823836532,137.47170427988962,15.2015,0.0494923,8922.7797236408,335985496992269.56
520,58951.96,Konkoly,B,Generic/Johnson.B,844.7340493894461,78.21445842822327,16.5832,0.100529,4369.5312126406,686097531773503.8
521,58951.96,Konkoly,V,Generic/Johnson.V,1630.6471659527126,59.11375713658132,15.8691,0.0393598,5467.5739972259,548309832024416.4
522,58951.96,Konkoly,g,SLOAN/SDSS.g,1404.882491197492,89.1103410513506,16.0309,0.0688672,4671.7822137652,641708975895055.1
523,58951.96,Konkoly,r,SLOAN/SDSS.r,2628.0885855957613,193.12115628796488,15.3509,0.0797837,6141.1230039377,488172045744357.4
524,58951.96,Konkoly,i,SLOAN/SDSS.i,2819.9408576615083,606.9540429240105,15.2744,0.23369,7457.889035897,401980314479085.5
525,58951.96,Konkoly,z,SLOAN/SDSS.z,3003.5855063856884,377.63357703589674,15.2059,0.136507,8922.7797236408,335985496992269.56
526,58956.91,Konkoly,B,Generic/Johnson.B,841.4726405705176,61.56441638387284,16.5874,0.0794354,4369.5312126406,686097531773503.8
527,58956.91,Konkoly,V,Generic/Johnson.V,1574.9979759188243,54.77769674366733,15.9068,0.0377614,5467.5739972259,548309832024416.4
528,58956.91,Konkoly,g,SLOAN/SDSS.g,1307.4948893471965,42.99235103523799,16.1089,0.0357006,4671.7822137652,641708975895055.1
529,58956.91,Konkoly,r,SLOAN/SDSS.r,2397.7284699638208,55.48954127366622,15.4505,0.0251267,6141.1230039377,488172045744357.4
530,58956.91,Konkoly,i,SLOAN/SDSS.i,2344.2288153199224,52.30714042399928,15.475,0.0242262,7457.889035897,401980314479085.5
531,58956.91,Konkoly,z,SLOAN/SDSS.z,2740.059540597822,131.73323806924716,15.3056,0.0521987,8922.7797236408,335985496992269.56
532,58961.96,Konkoly,B,Generic/Johnson.B,805.0817834659281,50.25983852546122,16.6354,0.0677806,4369.5312126406,686097531773503.8
533,58961.96,Konkoly,V,Generic/Johnson.V,1507.5787248508786,50.57544821634061,15.9543,0.0364237,5467.5739972259,548309832024416.4
534,58961.96,Konkoly,g,SLOAN/SDSS.g,1255.2204322412151,36.29347060239811,16.1532,0.031393,4671.7822137652,641708975895055.1
535,58961.96,Konkoly,r,SLOAN/SDSS.r,2333.672991608684,55.612300560464654,15.4799,0.0258735,6141.1230039377,488172045744357.4
536,58961.96,Konkoly,i,SLOAN/SDSS.i,2219.422579211677,61.14298157865075,15.5344,0.029911,7457.889035897,401980314479085.5
537,58961.96,Konkoly,z,SLOAN/SDSS.z,2650.696471682484,124.94796090340692,15.3416,0.0511792,8922.7797236408,335985496992269.56
